id,category_slug,category_name,title,description,comment,tags,source,source_id,source_page_url,source_image_url,source_author,source_author_url,source_license,local_path,media_url,bucket_name,object_key,media_kind,mime_type,created_at
1,innovacion,Innovación,Mapa visual de Innovación #1,Imagen recomendada para representar conceptos técnicos y creativos dentro de una constelación.,Imagen de prueba para demostrar carga dinámica desde SQL Server y FastAPI.,"innovacion, creatividad, tecnologia, ideas, nexus",picsum,innovacion-1,https://picsum.photos/seed/innovacion-1/800/1200,https://picsum.photos/seed/innovacion-1/800/1200,Picsum Photos,https://picsum.photos,Free to use,backend/static/seed/images/innovacion/innovacion-001.webp,http://localhost:8000/static/seed/images/innovacion/innovacion-001.webp,local-dev,seed/images/innovacion/innovacion-001.webp,IMAGE,image/webp,2026-05-29T23:57:51
2,innovacion,Innovación,Referencia visual sobre Innovación #2,Imagen recomendada para representar conceptos técnicos y creativos dentro de una constelación.,Este nodo puede servir como referencia inicial para conectar ideas dentro de Nexus.,"innovacion, creatividad, tecnologia, ideas, nexus",picsum,innovacion-2,https://picsum.photos/seed/innovacion-2/800/1200,https://picsum.photos/seed/innovacion-2/800/1200,Picsum Photos,https://picsum.photos,Free to use,backend/static/seed/images/innovacion/innovacion-002.webp,http://localhost:8000/static/seed/images/innovacion/innovacion-002.webp,local-dev,seed/images/innovacion/innovacion-002.webp,IMAGE,image/webp,2026-05-29T23:57:52
3,innovacion,Innovación,Referencia visual sobre Innovación #3,Nodo visual preparado para probar el flujo de Nexus en ambiente local.,Imagen recomendada para representar conceptos técnicos y creativos dentro de una constelación.,"innovacion, creatividad, tecnologia, ideas, nexus",picsum,innovacion-3,https://picsum.photos/seed/innovacion-3/800/1200,https://picsum.photos/seed/innovacion-3/800/1200,Picsum Photos,https://picsum.photos,Free to use,backend/static/seed/images/innovacion/innovacion-003.webp,http://localhost:8000/static/seed/images/innovacion/innovacion-003.webp,local-dev,seed/images/innovacion/innovacion-003.webp,IMAGE,image/webp,2026-05-29T23:57:52
4,innovacion,Innovación,Inspiración aplicada a Innovación #4,"Este recurso ayuda a representar visualmente proyectos, evidencias o inspiración tecnológica.",Este contenido puede funcionar como ejemplo de publicación multimedia dentro del sistema.,"innovacion, creatividad, tecnologia, ideas, nexus",picsum,innovacion-4,https://picsum.photos/seed/innovacion-4/800/1200,https://picsum.photos/seed/innovacion-4/800/1200,Picsum Photos,https://picsum.photos,Free to use,backend/static/seed/images/innovacion/innovacion-004.webp,http://localhost:8000/static/seed/images/innovacion/innovacion-004.webp,local-dev,seed/images/innovacion/innovacion-004.webp,IMAGE,image/webp,2026-05-29T23:57:53
5,innovacion,Innovación,Nodo de Innovación para explorar nuevas ideas #5,Este contenido puede funcionar como ejemplo de publicación multimedia dentro del sistema.,Nodo visual preparado para probar el flujo de Nexus en ambiente local.,"innovacion, creatividad, tecnologia, ideas, nexus",picsum,innovacion-5,https://picsum.photos/seed/innovacion-5/800/1200,https://picsum.photos/seed/innovacion-5/800/1200,Picsum Photos,https://picsum.photos,Free to use,backend/static/seed/images/innovacion/innovacion-005.webp,http://localhost:8000/static/seed/images/innovacion/innovacion-005.webp,local-dev,seed/images/innovacion/innovacion-005.webp,IMAGE,image/webp,2026-05-29T23:57:53
6,cloud-computing,Cloud Computing,Nodo de Cloud Computing para explorar nuevas ideas #6,Este contenido puede funcionar como ejemplo de publicación multimedia dentro del sistema.,Nodo visual preparado para probar el flujo de Nexus en ambiente local.,"cloud, aws, infraestructura, servidores, terraform",picsum,cloud-computing-6,https://picsum.photos/seed/cloud-computing-6/800/1200,https://picsum.photos/seed/cloud-computing-6/800/1200,Picsum Photos,https://picsum.photos,Free to use,backend/static/seed/images/cloud-computing/cloud-computing-006.webp,http://localhost:8000/static/seed/images/cloud-computing/cloud-computing-006.webp,local-dev,seed/images/cloud-computing/cloud-computing-006.webp,IMAGE,image/webp,2026-05-29T23:57:54
7,cloud-computing,Cloud Computing,Referencia visual sobre Cloud Computing #7,Referencia visual adecuada para demostrar organización de recursos por etiquetas y categorías.,Este nodo puede servir como referencia inicial para conectar ideas dentro de Nexus.,"cloud, aws, infraestructura, servidores, terraform",picsum,cloud-computing-7,https://picsum.photos/seed/cloud-computing-7/800/1200,https://picsum.photos/seed/cloud-computing-7/800/1200,Picsum Photos,https://picsum.photos,Free to use,backend/static/seed/images/cloud-computing/cloud-computing-007.webp,http://localhost:8000/static/seed/images/cloud-computing/cloud-computing-007.webp,local-dev,seed/images/cloud-computing/cloud-computing-007.webp,IMAGE,image/webp,2026-05-29T23:57:54
8,cloud-computing,Cloud Computing,Referencia visual sobre Cloud Computing #8,Contenido inicial para alimentar la plataforma y probar la API localmente.,Imagen de prueba para demostrar carga dinámica desde SQL Server y FastAPI.,"cloud, aws, infraestructura, servidores, terraform",picsum,cloud-computing-8,https://picsum.photos/seed/cloud-computing-8/800/1200,https://picsum.photos/seed/cloud-computing-8/800/1200,Picsum Photos,https://picsum.photos,Free to use,backend/static/seed/images/cloud-computing/cloud-computing-008.webp,http://localhost:8000/static/seed/images/cloud-computing/cloud-computing-008.webp,local-dev,seed/images/cloud-computing/cloud-computing-008.webp,IMAGE,image/webp,2026-05-29T23:57:55
9,cloud-computing,Cloud Computing,Recurso para constelaciones de Cloud Computing #9,"Nodo útil para validar la vista de detalle, comentarios y guardados.",Imagen recomendada para representar conceptos técnicos y creativos dentro de una constelación.,"cloud, aws, infraestructura, servidores, terraform",picsum,cloud-computing-9,https://picsum.photos/seed/cloud-computing-9/800/1200,https://picsum.photos/seed/cloud-computing-9/800/1200,Picsum Photos,https://picsum.photos,Free to use,backend/static/seed/images/cloud-computing/cloud-computing-009.webp,http://localhost:8000/static/seed/images/cloud-computing/cloud-computing-009.webp,local-dev,seed/images/cloud-computing/cloud-computing-009.webp,IMAGE,image/webp,2026-05-29T23:57:55
10,cloud-computing,Cloud Computing,Inspiración aplicada a Cloud Computing #10,Referencia visual adecuada para demostrar organización de recursos por etiquetas y categorías.,Imagen recomendada para representar conceptos técnicos y creativos dentro de una constelación.,"cloud, aws, infraestructura, servidores, terraform",picsum,cloud-computing-10,https://picsum.photos/seed/cloud-computing-10/800/1200,https://picsum.photos/seed/cloud-computing-10/800/1200,Picsum Photos,https://picsum.photos,Free to use,backend/static/seed/images/cloud-computing/cloud-computing-010.webp,http://localhost:8000/static/seed/images/cloud-computing/cloud-computing-010.webp,local-dev,seed/images/cloud-computing/cloud-computing-010.webp,IMAGE,image/webp,2026-05-29T23:57:56
11,bases-de-datos,Bases de Datos,Nodo de Bases de Datos para explorar nuevas ideas #11,Imagen de prueba para demostrar carga dinámica desde SQL Server y FastAPI.,"Este recurso ayuda a representar visualmente proyectos, evidencias o inspiración tecnológica.","sqlserver, database, datos, consultas, backend",picsum,bases-de-datos-11,https://picsum.photos/seed/bases-de-datos-11/800/1200,https://picsum.photos/seed/bases-de-datos-11/800/1200,Picsum Photos,https://picsum.photos,Free to use,backend/static/seed/images/bases-de-datos/bases-de-datos-011.webp,http://localhost:8000/static/seed/images/bases-de-datos/bases-de-datos-011.webp,local-dev,seed/images/bases-de-datos/bases-de-datos-011.webp,IMAGE,image/webp,2026-05-29T23:57:57
12,bases-de-datos,Bases de Datos,Nodo de Bases de Datos para explorar nuevas ideas #12,Este nodo puede servir como referencia inicial para conectar ideas dentro de Nexus.,"Este recurso ayuda a representar visualmente proyectos, evidencias o inspiración tecnológica.","sqlserver, database, datos, consultas, backend",picsum,bases-de-datos-12,https://picsum.photos/seed/bases-de-datos-12/800/1200,https://picsum.photos/seed/bases-de-datos-12/800/1200,Picsum Photos,https://picsum.photos,Free to use,backend/static/seed/images/bases-de-datos/bases-de-datos-012.webp,http://localhost:8000/static/seed/images/bases-de-datos/bases-de-datos-012.webp,local-dev,seed/images/bases-de-datos/bases-de-datos-012.webp,IMAGE,image/webp,2026-05-29T23:57:57
13,bases-de-datos,Bases de Datos,Evidencia visual relacionada con Bases de Datos #13,Este contenido puede funcionar como ejemplo de publicación multimedia dentro del sistema.,Imagen recomendada para representar conceptos técnicos y creativos dentro de una constelación.,"sqlserver, database, datos, consultas, backend",picsum,bases-de-datos-13,https://picsum.photos/seed/bases-de-datos-13/800/1200,https://picsum.photos/seed/bases-de-datos-13/800/1200,Picsum Photos,https://picsum.photos,Free to use,backend/static/seed/images/bases-de-datos/bases-de-datos-013.webp,http://localhost:8000/static/seed/images/bases-de-datos/bases-de-datos-013.webp,local-dev,seed/images/bases-de-datos/bases-de-datos-013.webp,IMAGE,image/webp,2026-05-29T23:57:58
14,bases-de-datos,Bases de Datos,Recurso visual de Bases de Datos #14,"Este recurso ayuda a representar visualmente proyectos, evidencias o inspiración tecnológica.",Este contenido puede funcionar como ejemplo de publicación multimedia dentro del sistema.,"sqlserver, database, datos, consultas, backend",picsum,bases-de-datos-14,https://picsum.photos/seed/bases-de-datos-14/800/1200,https://picsum.photos/seed/bases-de-datos-14/800/1200,Picsum Photos,https://picsum.photos,Free to use,backend/static/seed/images/bases-de-datos/bases-de-datos-014.webp,http://localhost:8000/static/seed/images/bases-de-datos/bases-de-datos-014.webp,local-dev,seed/images/bases-de-datos/bases-de-datos-014.webp,IMAGE,image/webp,2026-05-29T23:57:58
15,bases-de-datos,Bases de Datos,Recurso visual de Bases de Datos #15,Referencia visual adecuada para demostrar organización de recursos por etiquetas y categorías.,"Nodo útil para validar la vista de detalle, comentarios y guardados.","sqlserver, database, datos, consultas, backend",picsum,bases-de-datos-15,https://picsum.photos/seed/bases-de-datos-15/800/1200,https://picsum.photos/seed/bases-de-datos-15/800/1200,Picsum Photos,https://picsum.photos,Free to use,backend/static/seed/images/bases-de-datos/bases-de-datos-015.webp,http://localhost:8000/static/seed/images/bases-de-datos/bases-de-datos-015.webp,local-dev,seed/images/bases-de-datos/bases-de-datos-015.webp,IMAGE,image/webp,2026-05-29T23:57:59
16,ciberseguridad,Ciberseguridad,Nodo de Ciberseguridad para explorar nuevas ideas #16,"Este recurso ayuda a representar visualmente proyectos, evidencias o inspiración tecnológica.",Imagen de prueba para demostrar carga dinámica desde SQL Server y FastAPI.,"seguridad, privacidad, iam, accesos, proteccion",picsum,ciberseguridad-16,https://picsum.photos/seed/ciberseguridad-16/800/1200,https://picsum.photos/seed/ciberseguridad-16/800/1200,Picsum Photos,https://picsum.photos,Free to use,backend/static/seed/images/ciberseguridad/ciberseguridad-016.webp,http://localhost:8000/static/seed/images/ciberseguridad/ciberseguridad-016.webp,local-dev,seed/images/ciberseguridad/ciberseguridad-016.webp,IMAGE,image/webp,2026-05-29T23:57:59
17,ciberseguridad,Ciberseguridad,Evidencia visual relacionada con Ciberseguridad #17,Este nodo puede servir como referencia inicial para conectar ideas dentro de Nexus.,"Nodo útil para validar la vista de detalle, comentarios y guardados.","seguridad, privacidad, iam, accesos, proteccion",picsum,ciberseguridad-17,https://picsum.photos/seed/ciberseguridad-17/800/1200,https://picsum.photos/seed/ciberseguridad-17/800/1200,Picsum Photos,https://picsum.photos,Free to use,backend/static/seed/images/ciberseguridad/ciberseguridad-017.webp,http://localhost:8000/static/seed/images/ciberseguridad/ciberseguridad-017.webp,local-dev,seed/images/ciberseguridad/ciberseguridad-017.webp,IMAGE,image/webp,2026-05-29T23:58:00
18,ciberseguridad,Ciberseguridad,Evidencia visual relacionada con Ciberseguridad #18,Nodo visual preparado para probar el flujo de Nexus en ambiente local.,"Nodo útil para validar la vista de detalle, comentarios y guardados.","seguridad, privacidad, iam, accesos, proteccion",picsum,ciberseguridad-18,https://picsum.photos/seed/ciberseguridad-18/800/1200,https://picsum.photos/seed/ciberseguridad-18/800/1200,Picsum Photos,https://picsum.photos,Free to use,backend/static/seed/images/ciberseguridad/ciberseguridad-018.webp,http://localhost:8000/static/seed/images/ciberseguridad/ciberseguridad-018.webp,local-dev,seed/images/ciberseguridad/ciberseguridad-018.webp,IMAGE,image/webp,2026-05-29T23:58:00
19,ciberseguridad,Ciberseguridad,Mapa visual de Ciberseguridad #19,"Recurso útil para probar el feed visual, la búsqueda y el filtrado por categorías.",Nodo visual preparado para probar el flujo de Nexus en ambiente local.,"seguridad, privacidad, iam, accesos, proteccion",picsum,ciberseguridad-19,https://picsum.photos/seed/ciberseguridad-19/800/1200,https://picsum.photos/seed/ciberseguridad-19/800/1200,Picsum Photos,https://picsum.photos,Free to use,backend/static/seed/images/ciberseguridad/ciberseguridad-019.webp,http://localhost:8000/static/seed/images/ciberseguridad/ciberseguridad-019.webp,local-dev,seed/images/ciberseguridad/ciberseguridad-019.webp,IMAGE,image/webp,2026-05-29T23:58:01
20,ciberseguridad,Ciberseguridad,Recurso para constelaciones de Ciberseguridad #20,Este nodo puede servir como referencia inicial para conectar ideas dentro de Nexus.,Imagen de prueba para demostrar carga dinámica desde SQL Server y FastAPI.,"seguridad, privacidad, iam, accesos, proteccion",picsum,ciberseguridad-20,https://picsum.photos/seed/ciberseguridad-20/800/1200,https://picsum.photos/seed/ciberseguridad-20/800/1200,Picsum Photos,https://picsum.photos,Free to use,backend/static/seed/images/ciberseguridad/ciberseguridad-020.webp,http://localhost:8000/static/seed/images/ciberseguridad/ciberseguridad-020.webp,local-dev,seed/images/ciberseguridad/ciberseguridad-020.webp,IMAGE,image/webp,2026-05-29T23:58:01
21,inteligencia-artificial,Inteligencia Artificial,Inspiración aplicada a Inteligencia Artificial #21,Contenido inicial para alimentar la plataforma y probar la API localmente.,Este contenido puede funcionar como ejemplo de publicación multimedia dentro del sistema.,"ia, machine-learning, automatizacion, datos, neural",picsum,inteligencia-artificial-21,https://picsum.photos/seed/inteligencia-artificial-21/800/1200,https://picsum.photos/seed/inteligencia-artificial-21/800/1200,Picsum Photos,https://picsum.photos,Free to use,backend/static/seed/images/inteligencia-artificial/inteligencia-artificial-021.webp,http://localhost:8000/static/seed/images/inteligencia-artificial/inteligencia-artificial-021.webp,local-dev,seed/images/inteligencia-artificial/inteligencia-artificial-021.webp,IMAGE,image/webp,2026-05-29T23:58:02
22,inteligencia-artificial,Inteligencia Artificial,Nodo de Inteligencia Artificial para explorar nuevas ideas #22,"Nodo útil para validar la vista de detalle, comentarios y guardados.",Imagen de prueba para demostrar carga dinámica desde SQL Server y FastAPI.,"ia, machine-learning, automatizacion, datos, neural",picsum,inteligencia-artificial-22,https://picsum.photos/seed/inteligencia-artificial-22/800/1200,https://picsum.photos/seed/inteligencia-artificial-22/800/1200,Picsum Photos,https://picsum.photos,Free to use,backend/static/seed/images/inteligencia-artificial/inteligencia-artificial-022.webp,http://localhost:8000/static/seed/images/inteligencia-artificial/inteligencia-artificial-022.webp,local-dev,seed/images/inteligencia-artificial/inteligencia-artificial-022.webp,IMAGE,image/webp,2026-05-29T23:58:02
23,inteligencia-artificial,Inteligencia Artificial,Nodo de Inteligencia Artificial para explorar nuevas ideas #23,Este contenido puede funcionar como ejemplo de publicación multimedia dentro del sistema.,Este contenido puede funcionar como ejemplo de publicación multimedia dentro del sistema.,"ia, machine-learning, automatizacion, datos, neural",picsum,inteligencia-artificial-23,https://picsum.photos/seed/inteligencia-artificial-23/800/1200,https://picsum.photos/seed/inteligencia-artificial-23/800/1200,Picsum Photos,https://picsum.photos,Free to use,backend/static/seed/images/inteligencia-artificial/inteligencia-artificial-023.webp,http://localhost:8000/static/seed/images/inteligencia-artificial/inteligencia-artificial-023.webp,local-dev,seed/images/inteligencia-artificial/inteligencia-artificial-023.webp,IMAGE,image/webp,2026-05-29T23:58:03
24,inteligencia-artificial,Inteligencia Artificial,Concepto moderno sobre Inteligencia Artificial #24,Nodo visual preparado para probar el flujo de Nexus en ambiente local.,Este contenido puede funcionar como ejemplo de publicación multimedia dentro del sistema.,"ia, machine-learning, automatizacion, datos, neural",picsum,inteligencia-artificial-24,https://picsum.photos/seed/inteligencia-artificial-24/800/1200,https://picsum.photos/seed/inteligencia-artificial-24/800/1200,Picsum Photos,https://picsum.photos,Free to use,backend/static/seed/images/inteligencia-artificial/inteligencia-artificial-024.webp,http://localhost:8000/static/seed/images/inteligencia-artificial/inteligencia-artificial-024.webp,local-dev,seed/images/inteligencia-artificial/inteligencia-artificial-024.webp,IMAGE,image/webp,2026-05-29T23:58:03
25,inteligencia-artificial,Inteligencia Artificial,Mapa visual de Inteligencia Artificial #25,Imagen recomendada para representar conceptos técnicos y creativos dentro de una constelación.,Contenido inicial para alimentar la plataforma y probar la API localmente.,"ia, machine-learning, automatizacion, datos, neural",picsum,inteligencia-artificial-25,https://picsum.photos/seed/inteligencia-artificial-25/800/1200,https://picsum.photos/seed/inteligencia-artificial-25/800/1200,Picsum Photos,https://picsum.photos,Free to use,backend/static/seed/images/inteligencia-artificial/inteligencia-artificial-025.webp,http://localhost:8000/static/seed/images/inteligencia-artificial/inteligencia-artificial-025.webp,local-dev,seed/images/inteligencia-artificial/inteligencia-artificial-025.webp,IMAGE,image/webp,2026-05-29T23:58:04
26,diseno-ui-ux,Diseño UI/UX,Mapa visual de Diseño UI/UX #26,"Recurso útil para probar el feed visual, la búsqueda y el filtrado por categorías.",Este contenido puede funcionar como ejemplo de publicación multimedia dentro del sistema.,"ui, ux, diseno, interfaz, prototipo",picsum,diseno-ui-ux-26,https://picsum.photos/seed/diseno-ui-ux-26/800/1200,https://picsum.photos/seed/diseno-ui-ux-26/800/1200,Picsum Photos,https://picsum.photos,Free to use,backend/static/seed/images/diseno-ui-ux/diseno-ui-ux-026.webp,http://localhost:8000/static/seed/images/diseno-ui-ux/diseno-ui-ux-026.webp,local-dev,seed/images/diseno-ui-ux/diseno-ui-ux-026.webp,IMAGE,image/webp,2026-05-29T23:58:04
27,diseno-ui-ux,Diseño UI/UX,Inspiración aplicada a Diseño UI/UX #27,Referencia visual adecuada para demostrar organización de recursos por etiquetas y categorías.,Nodo visual preparado para probar el flujo de Nexus en ambiente local.,"ui, ux, diseno, interfaz, prototipo",picsum,diseno-ui-ux-27,https://picsum.photos/seed/diseno-ui-ux-27/800/1200,https://picsum.photos/seed/diseno-ui-ux-27/800/1200,Picsum Photos,https://picsum.photos,Free to use,backend/static/seed/images/diseno-ui-ux/diseno-ui-ux-027.webp,http://localhost:8000/static/seed/images/diseno-ui-ux/diseno-ui-ux-027.webp,local-dev,seed/images/diseno-ui-ux/diseno-ui-ux-027.webp,IMAGE,image/webp,2026-05-29T23:58:05
28,diseno-ui-ux,Diseño UI/UX,Idea destacada de Diseño UI/UX #28,"Este recurso ayuda a representar visualmente proyectos, evidencias o inspiración tecnológica.",Imagen de prueba para demostrar carga dinámica desde SQL Server y FastAPI.,"ui, ux, diseno, interfaz, prototipo",picsum,diseno-ui-ux-28,https://picsum.photos/seed/diseno-ui-ux-28/800/1200,https://picsum.photos/seed/diseno-ui-ux-28/800/1200,Picsum Photos,https://picsum.photos,Free to use,backend/static/seed/images/diseno-ui-ux/diseno-ui-ux-028.webp,http://localhost:8000/static/seed/images/diseno-ui-ux/diseno-ui-ux-028.webp,local-dev,seed/images/diseno-ui-ux/diseno-ui-ux-028.webp,IMAGE,image/webp,2026-05-29T23:58:05
29,diseno-ui-ux,Diseño UI/UX,Nodo de Diseño UI/UX para explorar nuevas ideas #29,Contenido inicial para alimentar la plataforma y probar la API localmente.,Imagen recomendada para representar conceptos técnicos y creativos dentro de una constelación.,"ui, ux, diseno, interfaz, prototipo",picsum,diseno-ui-ux-29,https://picsum.photos/seed/diseno-ui-ux-29/800/1200,https://picsum.photos/seed/diseno-ui-ux-29/800/1200,Picsum Photos,https://picsum.photos,Free to use,backend/static/seed/images/diseno-ui-ux/diseno-ui-ux-029.webp,http://localhost:8000/static/seed/images/diseno-ui-ux/diseno-ui-ux-029.webp,local-dev,seed/images/diseno-ui-ux/diseno-ui-ux-029.webp,IMAGE,image/webp,2026-05-29T23:58:06
30,diseno-ui-ux,Diseño UI/UX,Nodo de Diseño UI/UX para explorar nuevas ideas #30,Imagen de prueba para demostrar carga dinámica desde SQL Server y FastAPI.,Imagen recomendada para representar conceptos técnicos y creativos dentro de una constelación.,"ui, ux, diseno, interfaz, prototipo",picsum,diseno-ui-ux-30,https://picsum.photos/seed/diseno-ui-ux-30/800/1200,https://picsum.photos/seed/diseno-ui-ux-30/800/1200,Picsum Photos,https://picsum.photos,Free to use,backend/static/seed/images/diseno-ui-ux/diseno-ui-ux-030.webp,http://localhost:8000/static/seed/images/diseno-ui-ux/diseno-ui-ux-030.webp,local-dev,seed/images/diseno-ui-ux/diseno-ui-ux-030.webp,IMAGE,image/webp,2026-05-29T23:58:06
31,programacion-web,Programación Web,Conexión creativa para proyectos de Programación Web #31,Referencia visual adecuada para demostrar organización de recursos por etiquetas y categorías.,Contenido inicial para alimentar la plataforma y probar la API localmente.,"html, css, javascript, fastapi, frontend",picsum,programacion-web-31,https://picsum.photos/seed/programacion-web-31/800/1200,https://picsum.photos/seed/programacion-web-31/800/1200,Picsum Photos,https://picsum.photos,Free to use,backend/static/seed/images/programacion-web/programacion-web-031.webp,http://localhost:8000/static/seed/images/programacion-web/programacion-web-031.webp,local-dev,seed/images/programacion-web/programacion-web-031.webp,IMAGE,image/webp,2026-05-29T23:58:07
32,programacion-web,Programación Web,Inspiración aplicada a Programación Web #32,"Nodo útil para validar la vista de detalle, comentarios y guardados.",Este contenido puede funcionar como ejemplo de publicación multimedia dentro del sistema.,"html, css, javascript, fastapi, frontend",picsum,programacion-web-32,https://picsum.photos/seed/programacion-web-32/800/1200,https://picsum.photos/seed/programacion-web-32/800/1200,Picsum Photos,https://picsum.photos,Free to use,backend/static/seed/images/programacion-web/programacion-web-032.webp,http://localhost:8000/static/seed/images/programacion-web/programacion-web-032.webp,local-dev,seed/images/programacion-web/programacion-web-032.webp,IMAGE,image/webp,2026-05-29T23:58:07
33,programacion-web,Programación Web,Referencia visual sobre Programación Web #33,Imagen recomendada para representar conceptos técnicos y creativos dentro de una constelación.,Este nodo puede servir como referencia inicial para conectar ideas dentro de Nexus.,"html, css, javascript, fastapi, frontend",picsum,programacion-web-33,https://picsum.photos/seed/programacion-web-33/800/1200,https://picsum.photos/seed/programacion-web-33/800/1200,Picsum Photos,https://picsum.photos,Free to use,backend/static/seed/images/programacion-web/programacion-web-033.webp,http://localhost:8000/static/seed/images/programacion-web/programacion-web-033.webp,local-dev,seed/images/programacion-web/programacion-web-033.webp,IMAGE,image/webp,2026-05-29T23:58:08
34,programacion-web,Programación Web,Conexión creativa para proyectos de Programación Web #34,Imagen de prueba para demostrar carga dinámica desde SQL Server y FastAPI.,Contenido inicial para alimentar la plataforma y probar la API localmente.,"html, css, javascript, fastapi, frontend",picsum,programacion-web-34,https://picsum.photos/seed/programacion-web-34/800/1200,https://picsum.photos/seed/programacion-web-34/800/1200,Picsum Photos,https://picsum.photos,Free to use,backend/static/seed/images/programacion-web/programacion-web-034.webp,http://localhost:8000/static/seed/images/programacion-web/programacion-web-034.webp,local-dev,seed/images/programacion-web/programacion-web-034.webp,IMAGE,image/webp,2026-05-29T23:58:08
35,programacion-web,Programación Web,Evidencia visual relacionada con Programación Web #35,Este nodo puede servir como referencia inicial para conectar ideas dentro de Nexus.,"Este recurso ayuda a representar visualmente proyectos, evidencias o inspiración tecnológica.","html, css, javascript, fastapi, frontend",picsum,programacion-web-35,https://picsum.photos/seed/programacion-web-35/800/1200,https://picsum.photos/seed/programacion-web-35/800/1200,Picsum Photos,https://picsum.photos,Free to use,backend/static/seed/images/programacion-web/programacion-web-035.webp,http://localhost:8000/static/seed/images/programacion-web/programacion-web-035.webp,local-dev,seed/images/programacion-web/programacion-web-035.webp,IMAGE,image/webp,2026-05-29T23:58:09
36,devops,DevOps,Recurso para constelaciones de DevOps #36,Este contenido puede funcionar como ejemplo de publicación multimedia dentro del sistema.,Contenido inicial para alimentar la plataforma y probar la API localmente.,"devops, terraform, despliegue, automatizacion, ec2",picsum,devops-36,https://picsum.photos/seed/devops-36/800/1200,https://picsum.photos/seed/devops-36/800/1200,Picsum Photos,https://picsum.photos,Free to use,backend/static/seed/images/devops/devops-036.webp,http://localhost:8000/static/seed/images/devops/devops-036.webp,local-dev,seed/images/devops/devops-036.webp,IMAGE,image/webp,2026-05-29T23:58:09
37,devops,DevOps,Evidencia visual relacionada con DevOps #37,Imagen de prueba para demostrar carga dinámica desde SQL Server y FastAPI.,Contenido inicial para alimentar la plataforma y probar la API localmente.,"devops, terraform, despliegue, automatizacion, ec2",picsum,devops-37,https://picsum.photos/seed/devops-37/800/1200,https://picsum.photos/seed/devops-37/800/1200,Picsum Photos,https://picsum.photos,Free to use,backend/static/seed/images/devops/devops-037.webp,http://localhost:8000/static/seed/images/devops/devops-037.webp,local-dev,seed/images/devops/devops-037.webp,IMAGE,image/webp,2026-05-29T23:58:10
38,devops,DevOps,Concepto moderno sobre DevOps #38,"Nodo útil para validar la vista de detalle, comentarios y guardados.","Este recurso ayuda a representar visualmente proyectos, evidencias o inspiración tecnológica.","devops, terraform, despliegue, automatizacion, ec2",picsum,devops-38,https://picsum.photos/seed/devops-38/800/1200,https://picsum.photos/seed/devops-38/800/1200,Picsum Photos,https://picsum.photos,Free to use,backend/static/seed/images/devops/devops-038.webp,http://localhost:8000/static/seed/images/devops/devops-038.webp,local-dev,seed/images/devops/devops-038.webp,IMAGE,image/webp,2026-05-29T23:58:10
39,devops,DevOps,Idea destacada de DevOps #39,Imagen de prueba para demostrar carga dinámica desde SQL Server y FastAPI.,Contenido inicial para alimentar la plataforma y probar la API localmente.,"devops, terraform, despliegue, automatizacion, ec2",picsum,devops-39,https://picsum.photos/seed/devops-39/800/1200,https://picsum.photos/seed/devops-39/800/1200,Picsum Photos,https://picsum.photos,Free to use,backend/static/seed/images/devops/devops-039.webp,http://localhost:8000/static/seed/images/devops/devops-039.webp,local-dev,seed/images/devops/devops-039.webp,IMAGE,image/webp,2026-05-29T23:58:11
40,devops,DevOps,Nodo de DevOps para explorar nuevas ideas #40,Este nodo puede servir como referencia inicial para conectar ideas dentro de Nexus.,Contenido inicial para alimentar la plataforma y probar la API localmente.,"devops, terraform, despliegue, automatizacion, ec2",picsum,devops-40,https://picsum.photos/seed/devops-40/800/1200,https://picsum.photos/seed/devops-40/800/1200,Picsum Photos,https://picsum.photos,Free to use,backend/static/seed/images/devops/devops-040.webp,http://localhost:8000/static/seed/images/devops/devops-040.webp,local-dev,seed/images/devops/devops-040.webp,IMAGE,image/webp,2026-05-29T23:58:12
41,redes,Redes,Mapa visual de Redes #41,Este nodo puede servir como referencia inicial para conectar ideas dentro de Nexus.,Referencia visual adecuada para demostrar organización de recursos por etiquetas y categorías.,"redes, conectividad, servidores, infraestructura, red",picsum,redes-41,https://picsum.photos/seed/redes-41/800/1200,https://picsum.photos/seed/redes-41/800/1200,Picsum Photos,https://picsum.photos,Free to use,backend/static/seed/images/redes/redes-041.webp,http://localhost:8000/static/seed/images/redes/redes-041.webp,local-dev,seed/images/redes/redes-041.webp,IMAGE,image/webp,2026-05-29T23:58:12
42,redes,Redes,Recurso para constelaciones de Redes #42,Imagen recomendada para representar conceptos técnicos y creativos dentro de una constelación.,Referencia visual adecuada para demostrar organización de recursos por etiquetas y categorías.,"redes, conectividad, servidores, infraestructura, red",picsum,redes-42,https://picsum.photos/seed/redes-42/800/1200,https://picsum.photos/seed/redes-42/800/1200,Picsum Photos,https://picsum.photos,Free to use,backend/static/seed/images/redes/redes-042.webp,http://localhost:8000/static/seed/images/redes/redes-042.webp,local-dev,seed/images/redes/redes-042.webp,IMAGE,image/webp,2026-05-29T23:58:13
43,redes,Redes,Referencia visual sobre Redes #43,Nodo visual preparado para probar el flujo de Nexus en ambiente local.,"Este recurso ayuda a representar visualmente proyectos, evidencias o inspiración tecnológica.","redes, conectividad, servidores, infraestructura, red",picsum,redes-43,https://picsum.photos/seed/redes-43/800/1200,https://picsum.photos/seed/redes-43/800/1200,Picsum Photos,https://picsum.photos,Free to use,backend/static/seed/images/redes/redes-043.webp,http://localhost:8000/static/seed/images/redes/redes-043.webp,local-dev,seed/images/redes/redes-043.webp,IMAGE,image/webp,2026-05-29T23:58:13
44,redes,Redes,Mapa visual de Redes #44,Referencia visual adecuada para demostrar organización de recursos por etiquetas y categorías.,Imagen recomendada para representar conceptos técnicos y creativos dentro de una constelación.,"redes, conectividad, servidores, infraestructura, red",picsum,redes-44,https://picsum.photos/seed/redes-44/800/1200,https://picsum.photos/seed/redes-44/800/1200,Picsum Photos,https://picsum.photos,Free to use,backend/static/seed/images/redes/redes-044.webp,http://localhost:8000/static/seed/images/redes/redes-044.webp,local-dev,seed/images/redes/redes-044.webp,IMAGE,image/webp,2026-05-29T23:58:14
45,redes,Redes,Mapa visual de Redes #45,Imagen recomendada para representar conceptos técnicos y creativos dentro de una constelación.,Este nodo puede servir como referencia inicial para conectar ideas dentro de Nexus.,"redes, conectividad, servidores, infraestructura, red",picsum,redes-45,https://picsum.photos/seed/redes-45/800/1200,https://picsum.photos/seed/redes-45/800/1200,Picsum Photos,https://picsum.photos,Free to use,backend/static/seed/images/redes/redes-045.webp,http://localhost:8000/static/seed/images/redes/redes-045.webp,local-dev,seed/images/redes/redes-045.webp,IMAGE,image/webp,2026-05-29T23:58:14
46,prototipos,Prototipos,Conexión creativa para proyectos de Prototipos #46,"Recurso útil para probar el feed visual, la búsqueda y el filtrado por categorías.",Este nodo puede servir como referencia inicial para conectar ideas dentro de Nexus.,"prototipo, producto, creatividad, validacion, idea",picsum,prototipos-46,https://picsum.photos/seed/prototipos-46/800/1200,https://picsum.photos/seed/prototipos-46/800/1200,Picsum Photos,https://picsum.photos,Free to use,backend/static/seed/images/prototipos/prototipos-046.webp,http://localhost:8000/static/seed/images/prototipos/prototipos-046.webp,local-dev,seed/images/prototipos/prototipos-046.webp,IMAGE,image/webp,2026-05-29T23:58:15
47,prototipos,Prototipos,Referencia visual sobre Prototipos #47,Contenido inicial para alimentar la plataforma y probar la API localmente.,Referencia visual adecuada para demostrar organización de recursos por etiquetas y categorías.,"prototipo, producto, creatividad, validacion, idea",picsum,prototipos-47,https://picsum.photos/seed/prototipos-47/800/1200,https://picsum.photos/seed/prototipos-47/800/1200,Picsum Photos,https://picsum.photos,Free to use,backend/static/seed/images/prototipos/prototipos-047.webp,http://localhost:8000/static/seed/images/prototipos/prototipos-047.webp,local-dev,seed/images/prototipos/prototipos-047.webp,IMAGE,image/webp,2026-05-29T23:58:15
48,prototipos,Prototipos,Recurso para constelaciones de Prototipos #48,"Nodo útil para validar la vista de detalle, comentarios y guardados.",Referencia visual adecuada para demostrar organización de recursos por etiquetas y categorías.,"prototipo, producto, creatividad, validacion, idea",picsum,prototipos-48,https://picsum.photos/seed/prototipos-48/800/1200,https://picsum.photos/seed/prototipos-48/800/1200,Picsum Photos,https://picsum.photos,Free to use,backend/static/seed/images/prototipos/prototipos-048.webp,http://localhost:8000/static/seed/images/prototipos/prototipos-048.webp,local-dev,seed/images/prototipos/prototipos-048.webp,IMAGE,image/webp,2026-05-29T23:58:16
49,prototipos,Prototipos,Conexión creativa para proyectos de Prototipos #49,"Nodo útil para validar la vista de detalle, comentarios y guardados.",Este nodo puede servir como referencia inicial para conectar ideas dentro de Nexus.,"prototipo, producto, creatividad, validacion, idea",picsum,prototipos-49,https://picsum.photos/seed/prototipos-49/800/1200,https://picsum.photos/seed/prototipos-49/800/1200,Picsum Photos,https://picsum.photos,Free to use,backend/static/seed/images/prototipos/prototipos-049.webp,http://localhost:8000/static/seed/images/prototipos/prototipos-049.webp,local-dev,seed/images/prototipos/prototipos-049.webp,IMAGE,image/webp,2026-05-29T23:58:16
50,prototipos,Prototipos,Recurso visual de Prototipos #50,"Nodo útil para validar la vista de detalle, comentarios y guardados.",Imagen recomendada para representar conceptos técnicos y creativos dentro de una constelación.,"prototipo, producto, creatividad, validacion, idea",picsum,prototipos-50,https://picsum.photos/seed/prototipos-50/800/1200,https://picsum.photos/seed/prototipos-50/800/1200,Picsum Photos,https://picsum.photos,Free to use,backend/static/seed/images/prototipos/prototipos-050.webp,http://localhost:8000/static/seed/images/prototipos/prototipos-050.webp,local-dev,seed/images/prototipos/prototipos-050.webp,IMAGE,image/webp,2026-05-29T23:58:17
51,robotica-iot,Robótica e IoT,Recurso para constelaciones de Robótica e IoT #51,Imagen recomendada para representar conceptos técnicos y creativos dentro de una constelación.,Referencia visual adecuada para demostrar organización de recursos por etiquetas y categorías.,"robotica, iot, sensores, dispositivos, automatizacion",picsum,robotica-iot-51,https://picsum.photos/seed/robotica-iot-51/800/1200,https://picsum.photos/seed/robotica-iot-51/800/1200,Picsum Photos,https://picsum.photos,Free to use,backend/static/seed/images/robotica-iot/robotica-iot-051.webp,http://localhost:8000/static/seed/images/robotica-iot/robotica-iot-051.webp,local-dev,seed/images/robotica-iot/robotica-iot-051.webp,IMAGE,image/webp,2026-05-29T23:58:18
52,robotica-iot,Robótica e IoT,Recurso para constelaciones de Robótica e IoT #52,Nodo visual preparado para probar el flujo de Nexus en ambiente local.,"Este recurso ayuda a representar visualmente proyectos, evidencias o inspiración tecnológica.","robotica, iot, sensores, dispositivos, automatizacion",picsum,robotica-iot-52,https://picsum.photos/seed/robotica-iot-52/800/1200,https://picsum.photos/seed/robotica-iot-52/800/1200,Picsum Photos,https://picsum.photos,Free to use,backend/static/seed/images/robotica-iot/robotica-iot-052.webp,http://localhost:8000/static/seed/images/robotica-iot/robotica-iot-052.webp,local-dev,seed/images/robotica-iot/robotica-iot-052.webp,IMAGE,image/webp,2026-05-29T23:58:18
53,robotica-iot,Robótica e IoT,Mapa visual de Robótica e IoT #53,"Este recurso ayuda a representar visualmente proyectos, evidencias o inspiración tecnológica.",Este nodo puede servir como referencia inicial para conectar ideas dentro de Nexus.,"robotica, iot, sensores, dispositivos, automatizacion",picsum,robotica-iot-53,https://picsum.photos/seed/robotica-iot-53/800/1200,https://picsum.photos/seed/robotica-iot-53/800/1200,Picsum Photos,https://picsum.photos,Free to use,backend/static/seed/images/robotica-iot/robotica-iot-053.webp,http://localhost:8000/static/seed/images/robotica-iot/robotica-iot-053.webp,local-dev,seed/images/robotica-iot/robotica-iot-053.webp,IMAGE,image/webp,2026-05-29T23:58:18
54,robotica-iot,Robótica e IoT,Referencia visual sobre Robótica e IoT #54,Contenido inicial para alimentar la plataforma y probar la API localmente.,Imagen recomendada para representar conceptos técnicos y creativos dentro de una constelación.,"robotica, iot, sensores, dispositivos, automatizacion",picsum,robotica-iot-54,https://picsum.photos/seed/robotica-iot-54/800/1200,https://picsum.photos/seed/robotica-iot-54/800/1200,Picsum Photos,https://picsum.photos,Free to use,backend/static/seed/images/robotica-iot/robotica-iot-054.webp,http://localhost:8000/static/seed/images/robotica-iot/robotica-iot-054.webp,local-dev,seed/images/robotica-iot/robotica-iot-054.webp,IMAGE,image/webp,2026-05-29T23:58:19
55,robotica-iot,Robótica e IoT,Recurso visual de Robótica e IoT #55,Este nodo puede servir como referencia inicial para conectar ideas dentro de Nexus.,"Este recurso ayuda a representar visualmente proyectos, evidencias o inspiración tecnológica.","robotica, iot, sensores, dispositivos, automatizacion",picsum,robotica-iot-55,https://picsum.photos/seed/robotica-iot-55/800/1200,https://picsum.photos/seed/robotica-iot-55/800/1200,Picsum Photos,https://picsum.photos,Free to use,backend/static/seed/images/robotica-iot/robotica-iot-055.webp,http://localhost:8000/static/seed/images/robotica-iot/robotica-iot-055.webp,local-dev,seed/images/robotica-iot/robotica-iot-055.webp,IMAGE,image/webp,2026-05-29T23:58:19
56,sostenibilidad-tech,Sostenibilidad Tecnológica,Evidencia visual relacionada con Sostenibilidad Tecnológica #56,Nodo visual preparado para probar el flujo de Nexus en ambiente local.,"Nodo útil para validar la vista de detalle, comentarios y guardados.","sostenibilidad, tecnologia-verde, innovacion, energia, impacto",picsum,sostenibilidad-tech-56,https://picsum.photos/seed/sostenibilidad-tech-56/800/1200,https://picsum.photos/seed/sostenibilidad-tech-56/800/1200,Picsum Photos,https://picsum.photos,Free to use,backend/static/seed/images/sostenibilidad-tech/sostenibilidad-tech-056.webp,http://localhost:8000/static/seed/images/sostenibilidad-tech/sostenibilidad-tech-056.webp,local-dev,seed/images/sostenibilidad-tech/sostenibilidad-tech-056.webp,IMAGE,image/webp,2026-05-29T23:58:20
57,sostenibilidad-tech,Sostenibilidad Tecnológica,Concepto moderno sobre Sostenibilidad Tecnológica #57,Imagen de prueba para demostrar carga dinámica desde SQL Server y FastAPI.,Imagen recomendada para representar conceptos técnicos y creativos dentro de una constelación.,"sostenibilidad, tecnologia-verde, innovacion, energia, impacto",picsum,sostenibilidad-tech-57,https://picsum.photos/seed/sostenibilidad-tech-57/800/1200,https://picsum.photos/seed/sostenibilidad-tech-57/800/1200,Picsum Photos,https://picsum.photos,Free to use,backend/static/seed/images/sostenibilidad-tech/sostenibilidad-tech-057.webp,http://localhost:8000/static/seed/images/sostenibilidad-tech/sostenibilidad-tech-057.webp,local-dev,seed/images/sostenibilidad-tech/sostenibilidad-tech-057.webp,IMAGE,image/webp,2026-05-29T23:58:20
58,sostenibilidad-tech,Sostenibilidad Tecnológica,Referencia visual sobre Sostenibilidad Tecnológica #58,Imagen recomendada para representar conceptos técnicos y creativos dentro de una constelación.,"Recurso útil para probar el feed visual, la búsqueda y el filtrado por categorías.","sostenibilidad, tecnologia-verde, innovacion, energia, impacto",picsum,sostenibilidad-tech-58,https://picsum.photos/seed/sostenibilidad-tech-58/800/1200,https://picsum.photos/seed/sostenibilidad-tech-58/800/1200,Picsum Photos,https://picsum.photos,Free to use,backend/static/seed/images/sostenibilidad-tech/sostenibilidad-tech-058.webp,http://localhost:8000/static/seed/images/sostenibilidad-tech/sostenibilidad-tech-058.webp,local-dev,seed/images/sostenibilidad-tech/sostenibilidad-tech-058.webp,IMAGE,image/webp,2026-05-29T23:58:21
59,sostenibilidad-tech,Sostenibilidad Tecnológica,Inspiración aplicada a Sostenibilidad Tecnológica #59,Imagen de prueba para demostrar carga dinámica desde SQL Server y FastAPI.,"Recurso útil para probar el feed visual, la búsqueda y el filtrado por categorías.","sostenibilidad, tecnologia-verde, innovacion, energia, impacto",picsum,sostenibilidad-tech-59,https://picsum.photos/seed/sostenibilidad-tech-59/800/1200,https://picsum.photos/seed/sostenibilidad-tech-59/800/1200,Picsum Photos,https://picsum.photos,Free to use,backend/static/seed/images/sostenibilidad-tech/sostenibilidad-tech-059.webp,http://localhost:8000/static/seed/images/sostenibilidad-tech/sostenibilidad-tech-059.webp,local-dev,seed/images/sostenibilidad-tech/sostenibilidad-tech-059.webp,IMAGE,image/webp,2026-05-29T23:58:21
60,sostenibilidad-tech,Sostenibilidad Tecnológica,Concepto moderno sobre Sostenibilidad Tecnológica #60,Nodo visual preparado para probar el flujo de Nexus en ambiente local.,Este nodo puede servir como referencia inicial para conectar ideas dentro de Nexus.,"sostenibilidad, tecnologia-verde, innovacion, energia, impacto",picsum,sostenibilidad-tech-60,https://picsum.photos/seed/sostenibilidad-tech-60/800/1200,https://picsum.photos/seed/sostenibilidad-tech-60/800/1200,Picsum Photos,https://picsum.photos,Free to use,backend/static/seed/images/sostenibilidad-tech/sostenibilidad-tech-060.webp,http://localhost:8000/static/seed/images/sostenibilidad-tech/sostenibilidad-tech-060.webp,local-dev,seed/images/sostenibilidad-tech/sostenibilidad-tech-060.webp,IMAGE,image/webp,2026-05-29T23:58:22
